1	group_10004,group_10014,group_10023,group_10028,group_10029,group_10036,group_10043,group_10064,group_10066,group_10070,group_10071,group_10073,group_10077,group_10078,group_10079,group_1008,group_10080,group_10083,group_10084,group_10085,group_10086,group_10087,group_10088,group_10089,group_10095,group_10096,group_10099,group_1010,group_10122,group_10131,group_10142,group_10144,group_10146,group_10163,group_10164,group_10169,group_10170,group_10172,group_10173,group_10175,group_10181,group_10182,group_10184,group_10186,group_10196,group_10200,group_10202,group_10205,group_10208,group_10212,group_10213,group_10215,group_10221,group_10222,group_10223,group_10225,group_10227,group_10228,group_10229,group_10231,group_10237,group_10239,group_10241,group_10260,group_10309,group_10310,group_10314,group_10316,group_10346,group_10352,group_10353,group_10357,group_10360,group_10396,group_10402,group_10408,group_10409,group_10410,group_10430,group_10440,group_10444,group_1045,group_10457,group_10458,group_10465,group_10467,group_10469,group_10472,group_10473,group_10474,group_10476,group_10477,group_10478,group_1048,group_10482,group_10487,group_10492,group_10493,group_10498,group_10501,group_10510,group_10511,group_10520,group_10525,group_10543,group_10552,group_10555,group_10556,group_10565,group_10566,group_10570,group_10571,group_10575,group_10576,group_10588,group_10601,group_10609,group_10612,group_10613,group_10614,group_10626,group_10627,group_10635,group_10638,group_10640,group_10645,group_10646,group_10647,group_10648,group_10650,group_10652,group_10657,group_10658,group_10659,group_10664,group_10669,group_1069,group_1070,group_1072,group_1074,group_10752,group_10753,group_10754,group_10755,group_10757,group_10759,group_10762,group_10771,group_10808,group_10809,group_10825,group_10838,group_10839,group_10840,group_10841,group_10849,group_10851,group_10852,group_10860,group_10861,group_10869,group_10870,group_10885,group_10886,group_10887,group_10888,group_10891,group_10892,group_10897,group_10909,group_10926,group_10927,group_10928,group_1093,group_10937,group_10943,group_10952,group_10954,group_10955,group_10974,group_10992,group_11,group_11014,group_11017,group_1102,group_11028,group_11035,group_11038,group_11084,group_11086,group_11088,group_11089,group_11090,group_11091,group_11092,group_11095,group_11097,group_11098,group_11099,group_11100,group_11101,group_11102,group_11104,group_11105,group_11107,group_11108,group_11109,group_11110,group_11111,group_11116,group_11117,group_11121,group_11122,group_11124,group_11125,group_11126,group_11128,group_11131,group_11135,group_11199,group_11209,group_11233,group_11239,group_11240,group_11242,group_1125,group_11259,group_1126,group_11277,group_11281,group_11282,group_11283,group_11291,group_11294,group_11296,group_11297,group_11298,group_11311,group_11334,group_11335,group_11340,group_11343,group_11344,group_11355,group_11356,group_11365,group_11367,group_11368,group_11370,group_11377,group_11382,group_11392,group_11393,group_11394,group_11434,group_11435,group_11440,group_11449,group_1147,group_11501,group_11503,group_11506,group_11513,group_11522,group_11526,group_11537,group_11583,group_11588,group_11589,group_1159,group_11591,group_11592,group_11593,group_11595,group_11596,group_11597,group_11598,group_11600,group_11602,group_11605,group_11606,group_11608,group_11613,group_11617,group_11618,group_11620,group_11627,group_11628,group_11630,group_11631,group_11638,group_11639,group_11640,group_11641,group_11642,group_11644,group_11645,group_11646,group_11648,group_1168,group_11721,group_1175,group_11781,group_11792,group_1180,group_11803,group_11834,group_11854,group_11856,group_11886,group_11895,group_11900,group_11901,group_11902,group_11903,group_11904,group_11912,group_11913,group_11918,group_11919,group_11920,group_11921,group_11922,group_11924,group_11927,group_11935,group_11940,group_11946,group_11948,group_1196,group_11965,group_1197,group_1201,group_12023,group_12024,group_12027,group_12031,group_12033,group_12036,group_12044,group_12056,group_12066,group_1209,group_1210,group_1213,group_12145,group_12146,group_12148,group_12150,group_12151,group_12154,group_12156,group_12166,group_12167,group_12172,group_12173,group_12181,group_12183,group_12184,group_12188,group_12189,group_12191,group_12192,group_12193,group_12194,group_12195,group_12196,group_12197,group_12208,group_12240,group_12242,group_12284,group_12313,group_12317,group_12379,group_12384,group_12408,group_12425,group_12431,group_12438,group_12439,group_12440,group_12443,group_12449,group_12456,group_12465,group_12527,group_12528,group_12531,group_12532,group_12533,group_12543,group_12544,group_12545,group_12546,group_12551,group_12553,group_12554,group_12556,group_12559,group_12560,group_12566,group_12573,group_12577,group_12583,group_1260,group_12600,group_12639,group_12689,group_12692,group_12695,group_12696,group_12697,group_12699,group_12722,group_12725,group_12730,group_12731,group_12732,group_12734,group_12747,group_12751,group_12770,group_12771,group_12774,group_12775,group_12776,group_12777,group_12778,group_12780,group_12785,group_12786,group_12787,group_12789,group_12790,group_12791,group_12793,group_12794,group_12797,group_12798,group_12800,group_12801,group_12802,group_12806,group_12830,group_12962,group_12972,group_12973,group_12986,group_12992,group_13,group_13004,group_13005,group_13006,group_13013,group_13015,group_13018,group_13019,group_13024,group_13028,group_13029,group_13034,group_13044,group_13060,group_13115,group_13150,group_13152,group_13161,group_13167,group_13170,group_13181,group_13183,group_13190,group_13197,group_1320,group_1321,group_13223,group_13244,group_13245,group_13247,group_13253,group_13255,group_13257,group_13260,group_13266,group_13267,group_13268,group_13269,group_13270,group_13271,group_13272,group_13273,group_13274,group_13275,group_13276,group_13277,group_13278,group_13279,group_13280,group_13283,group_13348,group_13351,group_13352,group_13353,group_13403,group_13409,group_1341,group_13472,group_13492,group_135,group_13525,group_13527,group_13531,group_13536,group_13538,group_13561,group_13565,group_13572,group_13575,group_13578,group_13580,group_13583,group_13595,group_1361,group_13621,group_13623,group_1363,group_13743,group_13751,group_13753,group_13788,group_13789,group_1379,group_138,group_13801,group_13827,group_13834,group_13849,group_13852,group_13855,group_13859,group_1386,group_13864,group_13865,group_13872,group_13876,group_13888,group_13889,group_13891,group_13892,group_13893,group_13894,group_13895,group_13897,group_13898,group_139,group_13904,group_13905,group_13909,group_1391,group_13913,group_13914,group_13915,group_13922,group_13925,group_13979,group_13982,group_13983,group_14,group_1400,group_14014,group_14015,group_1402,group_14032,group_1404,group_1405,group_14058,group_1406,group_1407,group_141,group_1411,group_14128,group_14129,group_14130,group_14160,group_14164,group_14165,group_14166,group_14178,group_14188,group_14193,group_14199,group_1433,group_1434,group_14388,group_14403,group_14405,group_14416,group_14417,group_1442,group_14429,group_14430,group_14431,group_14437,group_14440,group_1446,group_145,group_14544,group_14547,group_14551,group_14554,group_14556,group_14558,group_14561,group_14567,group_14577,group_14580,group_14581,group_14582,group_14583,group_14593,group_14594,group_14595,group_14596,group_14597,group_14598,group_14601,group_14604,group_14606,group_14609,group_14611,group_1462,group_14623,group_1463,group_1466,group_1469,group_147,group_1471,group_14749,group_14779,group_14815,group_1482,group_1485,group_14857,group_14892,group_14915,group_14916,group_14941,group_14967,group_14968,group_15,group_1501,group_1507,group_1509,group_1514,group_1519,group_15229,group_1524,group_15264,group_1530,group_15307,group_15314,group_1532,group_15331,group_15332,group_1534,group_15340,group_15347,group_15348,group_1535,group_15350,group_15353,group_15354,group_15355,group_15356,group_15358,group_15361,group_15372,group_15373,group_15379,group_15387,group_15389,group_15390,group_15391,group_15393,group_15394,group_15398,group_15400,group_15401,group_15403,group_15408,group_15412,group_15413,group_15416,group_15418,group_15424,group_15425,group_15428,group_15429,group_1543,group_15468,group_15469,group_1553,group_15533,group_1554,group_15543,group_15544,group_15545,group_15550,group_15553,group_15560,group_15639,group_1566,group_1567,group_1569,group_15695,group_1570,group_15716,group_15717,group_15722,group_15750,group_15808,group_1587,group_1592,group_1597,group_15989,group_1599,group_16,group_1601,group_16012,group_1602,group_16104,group_16139,group_16142,group_1616,group_16164,group_16165,group_16168,group_16171,group_16172,group_16174,group_16182,group_16183,group_16187,group_16188,group_16189,group_16190,group_16191,group_16192,group_16193,group_16194,group_16195,group_16202,group_16203,group_16204,group_16207,group_16209,group_16214,group_16221,group_1627,group_16306,group_16357,group_16584,group_16586,group_16607,group_16632,group_1664,group_16666,group_16667,group_16668,group_1668,group_16739,group_16740,group_1675,group_1680,group_17,group_17005,group_17187,group_17190,group_17193,group_17194,group_17198,group_17213,group_17217,group_17219,group_17222,group_17245,group_17249,group_17250,group_17252,group_17270,group_17271,group_17272,group_17276,group_17286,group_1729,group_17290,group_17291,group_17300,group_17303,group_1731,group_17318,group_17327,group_1733,group_17352,group_17394,group_17395,group_17402,group_17500,group_17501,group_176,group_17606,group_17670,group_1774,group_17776,group_17777,group_1792,group_1806,group_1813,group_1814,group_1817,group_1818,group_1820,group_1821,group_1836,group_1847,group_1848,group_1853,group_1861,group_1864,group_18641,group_18653,group_18654,group_18665,group_18666,group_18669,group_1868,group_18680,group_18682,group_18689,group_1869,group_18690,group_18693,group_18696,group_18697,group_18698,group_18699,group_1870,group_18700,group_18702,group_18721,group_18722,group_18727,group_18735,group_18736,group_18737,group_18742,group_18747,group_18748,group_1875,group_18751,group_18752,group_18754,group_18756,group_1876,group_1877,group_18775,group_1886,group_1887,group_1889,group_18999,group_1900,group_1901,group_1902,group_1904,group_19104,group_1913,group_1915,group_1920,group_1924,group_1927,group_19329,group_1936,group_1951,group_1958,group_196,group_1961,group_1963,group_1965,group_1972,group_1985,group_1988,group_1992,group_2,group_20039,group_20051,group_20053,group_20056,group_20059,group_20063,group_20064,group_20076,group_20078,group_20090,group_20094,group_20095,group_20096,group_20097,group_20098,group_20103,group_20104,group_20105,group_20110,group_20111,group_20121,group_20123,group_20141,group_20145,group_20148,group_20152,group_2016,group_20169,group_20176,group_20177,group_20182,group_20186,group_2020,group_2021,group_2022,group_20221,group_2023,group_20236,group_20248,group_2029,group_203,group_2030,group_20326,group_20344,group_2039,group_20416,group_20417,group_20420,group_2043,group_2051,group_206,group_207,group_20726,group_2077,group_20774,group_2084,group_209,group_2092,group_2100,group_2102,group_2109,group_2115,group_2116,group_2119,group_212,group_2122,group_2146,group_2158,group_2159,group_2173,group_2177,group_21793,group_21808,group_21812,group_21866,group_21870,group_21873,group_21874,group_21876,group_21878,group_21879,group_21907,group_21911,group_21912,group_21914,group_21915,group_21916,group_21930,group_21937,group_21974,group_21975,group_21976,group_21977,group_21981,group_21983,group_21986,group_21989,group_2201,group_22022,group_22023,group_22026,group_2203,group_22045,group_22047,group_2207,group_2208,group_22102,group_22156,group_22165,group_22175,group_22258,group_2238,group_2239,group_2241,group_2242,group_2253,group_2259,group_2260,group_2277,group_2285,group_2288,group_2293,group_2294,group_23,group_2301,group_23022,group_2306,group_2315,group_2317,group_232,group_2321,group_2323,group_2325,group_2327,group_2329,group_2332,group_2333,group_2335,group_2336,group_2337,group_2347,group_2362,group_2363,group_2367,group_2369,group_2370,group_238,group_2383,group_2384,group_2389,group_2405,group_2409,group_2414,group_2416,group_2417,group_2418,group_2420,group_2423,group_2424,group_2426,group_2428,group_2430,group_2433,group_2434,group_24358,group_24359,group_24398,group_24406,group_24413,group_24430,group_24433,group_24434,group_24455,group_24459,group_24464,group_24503,group_24504,group_24537,group_24542,group_2456,group_24588,group_24589,group_24592,group_24596,group_24597,group_24608,group_24610,group_2462,group_24620,group_24629,group_24630,group_24631,group_24632,group_24633,group_24634,group_24635,group_24636,group_24642,group_24644,group_24663,group_24672,group_24673,group_24679,group_24680,group_24690,group_24695,group_24705,group_24709,group_24713,group_24726,group_24729,group_24730,group_24731,group_2476,group_24809,group_2485,group_24892,group_2503,group_2504,group_25064,group_2509,group_2511,group_2515,group_2519,group_2520,group_2521,group_2522,group_2530,group_2531,group_2537,group_2541,group_2543,group_25469,group_25470,group_257,group_2582,group_2588,group_2590,group_2593,group_2594,group_2598,group_2599,group_2603,group_2606,group_2621,group_2630,group_2632,group_2633,group_2637,group_2640,group_2641,group_2642,group_2643,group_2644,group_2645,group_2646,group_2647,group_2649,group_2680,group_2694,group_2703,group_2704,group_2705,group_2706,group_2711,group_2713,group_2714,group_2716,group_27280,group_2729,group_27290,group_27293,group_27297,group_27298,group_27299,group_27334,group_27335,group_27347,group_2735,group_27367,group_27368,group_27369,group_2737,group_27373,group_27374,group_27377,group_27378,group_27379,group_2738,group_2739,group_27398,group_2740,group_2742,group_2746,group_27466,group_27468,group_27469,group_27470,group_2748,group_27488,group_27503,group_27507,group_27509,group_27536,group_27537,group_27538,group_27539,group_27540,group_27557,group_27560,group_27565,group_27568,group_27573,group_27577,group_2758,group_27586,group_27587,group_27589,group_2761,group_27621,group_27634,group_27637,group_2765,group_277,group_2770,group_2771,group_27742,group_278,group_27832,group_27842,group_27844,group_27851,group_27852,group_27859,group_2786,group_2787,group_2789,group_2797,group_2799,group_28,group_2801,group_2804,group_2806,group_2810,group_2812,group_2813,group_28159,group_2831,group_2832,group_2833,group_2834,group_2837,group_2839,group_2842,group_2844,group_2846,group_2849,group_2850,group_2853,group_2854,group_2855,group_2857,group_2860,group_2863,group_2866,group_2867,group_2870,group_2872,group_2873,group_28807,group_28811,group_2883,group_2884,group_2885,group_2888,group_2889,group_2894,group_29,group_2904,group_2911,group_2915,group_2920,group_2923,group_2960,group_2974,group_2975,group_2976,group_2978,group_2981,group_2984,group_2986,group_2989,group_2990,group_2992,group_2993,group_2994,group_2995,group_2996,group_2998,group_3,group_3000,group_3021,group_3022,group_3034,group_3036,group_3046,group_3055,group_3066,group_3068,group_3079,group_3083,group_3087,group_3093,group_3098,group_3099,group_3102,group_3105,group_3107,group_31099,group_3110,group_31100,group_31101,group_31102,group_3111,group_3112,group_3114,group_31154,group_3117,group_31170,group_31171,group_3119,group_31191,group_3120,group_31204,group_3121,group_31215,group_31216,group_31217,group_31218,group_31228,group_31266,group_3127,group_3128,group_3130,group_31304,group_31312,group_31326,group_3133,group_31344,group_3135,group_31353,group_31364,group_31372,group_3138,group_31384,group_31385,group_31386,group_31387,group_31389,group_31390,group_31394,group_31397,group_31398,group_31408,group_31411,group_31413,group_31419,group_3142,group_31421,group_31428,group_31429,group_31457,group_31458,group_31460,group_31466,group_31468,group_31504,group_31505,group_3152,group_31533,group_3154,group_3155,group_31561,group_31649,group_31661,group_31662,group_31671,group_31672,group_31673,group_31674,group_3169,group_31691,group_31894,group_3190,group_3195,group_3196,group_3197,group_3199,group_32,group_3200,group_3202,group_3205,group_32082,group_3213,group_32133,group_3216,group_3219,group_3223,group_3224,group_3225,group_3226,group_3229,group_3230,group_3231,group_3232,group_3234,group_3236,group_3237,group_3239,group_3243,group_3262,group_3263,group_3267,group_3268,group_3270,group_3277,group_3283,group_3284,group_3292,group_3293,group_3294,group_3299,group_3300,group_3301,group_3303,group_3311,group_3312,group_3313,group_3326,group_3327,group_3329,group_3332,group_3335,group_3339,group_3340,group_3341,group_3342,group_3343,group_3344,group_3345,group_3350,group_3352,group_3353,group_3354,group_3356,group_3362,group_3366,group_3367,group_3373,group_3374,group_3375,group_3380,group_3386,group_3404,group_3405,group_3410,group_3421,group_3422,group_3436,group_3441,group_3442,group_3446,group_3449,group_3457,group_3458,group_3460,group_3472,group_3475,group_3476,group_3477,group_3479,group_3482,group_3483,group_3486,group_3487,group_3491,group_3492,group_3493,group_3498,group_3500,group_3503,group_3507,group_3509,group_3511,group_3517,group_3518,group_3524,group_3528,group_3541,group_3544,group_3549,group_3550,group_3551,group_3555,group_3563,group_3567,group_3572,group_3576,group_3577,group_3578,group_3580,group_3585,group_3588,group_3590,group_3592,group_3594,group_3597,group_3598,group_3599,group_361,group_3611,group_362,group_3631,group_3639,group_3644,group_3645,group_3646,group_3647,group_3650,group_3653,group_3654,group_3655,group_3656,group_366,group_3660,group_3661,group_3664,group_3665,group_3671,group_3673,group_3674,group_36766,group_36773,group_36791,group_36862,group_36879,group_36897,group_36898,group_36899,group_36902,group_36906,group_36937,group_36938,group_36950,group_37036,group_3705,group_37054,group_3706,group_371,group_37113,group_37114,group_37115,group_3716,group_3718,group_3719,group_3720,group_37210,group_37214,group_37216,group_37218,group_37219,group_3722,group_37220,group_37225,group_3724,group_37240,group_3725,group_3726,group_37266,group_3727,group_37273,group_37298,group_37299,group_3730,group_37311,group_3732,group_37320,group_37331,group_3736,group_3737,group_3739,group_37397,group_37398,group_37399,group_37463,group_375,group_37500,group_3752,group_37520,group_3753,group_3759,group_3760,group_37622,group_37623,group_37624,group_3767,group_37678,group_3771,group_37817,group_3783,group_3784,group_3787,group_3788,group_379,group_3794,group_3795,group_3796,group_3799,group_38,group_3802,group_3803,group_3804,group_38165,group_3829,group_3831,group_3832,group_3837,group_3841,group_38464,group_3851,group_3853,group_3855,group_3856,group_3860,group_3861,group_3864,group_3865,group_3867,group_3873,group_3874,group_3875,group_3876,group_3877,group_3878,group_3881,group_3882,group_38825,group_3886,group_3888,group_3889,group_389,group_3895,group_3897,group_39,group_3900,group_3904,group_3915,group_3923,group_393,group_3939,group_394,group_3942,group_3944,group_3948,group_3953,group_3954,group_3955,group_3961,group_3962,group_3963,group_3965,group_3966,group_3967,group_3969,group_3974,group_3976,group_3995,group_4010,group_4011,group_4014,group_4015,group_4016,group_4018,group_4019,group_4020,group_4021,group_4022,group_4025,group_4032,group_4037,group_4038,group_4040,group_4044,group_405,group_4050,group_4051,group_4065,group_408,group_4084,group_4085,group_4089,group_4090,group_4093,group_41,group_4100,group_4102,group_4112,group_4127,group_4129,group_4130,group_4131,group_4132,group_4133,group_4134,group_4140,group_4144,group_4145,group_4146,group_4196,group_4197,group_4198,group_420,group_4203,group_4206,group_4208,group_4209,group_4216,group_4217,group_4227,group_4229,group_4249,group_4261,group_4263,group_4264,group_4289,group_4290,group_4291,group_4293,group_4294,group_4297,group_4299,group_43,group_4301,group_4304,group_4309,group_4317,group_4319,group_4324,group_4326,group_4327,group_4334,group_434,group_4343,group_4344,group_4347,group_4349,group_4352,group_4354,group_4355,group_4356,group_4367,group_4372,group_4373,group_4374,group_4377,group_4378,group_4383,group_4397,group_4398,group_4399,group_4403,group_4404,group_4405,group_4406,group_4407,group_4409,group_4415,group_4416,group_4417,group_4418,group_4420,group_4421,group_4424,group_4426,group_4427,group_4428,group_4431,group_4432,group_4433,group_4436,group_4439,group_444,group_4440,group_4445,group_4446,group_4452,group_4458,group_446,group_4460,group_4461,group_4463,group_4465,group_4470,group_4473,group_4474,group_4476,group_4481,group_4484,group_4485,group_4487,group_4488,group_4492,group_4496,group_4514,group_4515,group_4516,group_4517,group_4520,group_4527,group_4529,group_4531,group_4532,group_4534,group_4535,group_4538,group_4540,group_4542,group_4543,group_4547,group_4551,group_4552,group_4553,group_4554,group_456,group_4601,group_4604,group_4605,group_4607,group_4609,group_4618,group_4622,group_4626,group_464,group_4642,group_4646,group_4648,group_4651,group_4654,group_4661,group_4663,group_4666,group_4667,group_4668,group_4671,group_4672,group_4673,group_4674,group_4675,group_4677,group_4679,group_4681,group_4683,group_4684,group_4686,group_4688,group_4689,group_4692,group_4693,group_4695,group_4705,group_4710,group_472,group_4727,group_4732,group_4733,group_4739,group_474,group_4741,group_4742,group_4743,group_4745,group_4754,group_4772,group_4774,group_4776,group_4777,group_4779,group_4781,group_4782,group_4785,group_4786,group_4787,group_4788,group_4792,group_4795,group_4799,group_480,group_4800,group_4801,group_4803,group_4804,group_4805,group_482,group_4823,group_4830,group_4833,group_484,group_4847,group_4848,group_4849,group_4852,group_4853,group_4857,group_4860,group_4878,group_488,group_4885,group_48867,group_48870,group_4888,group_48889,group_489,group_4890,group_48906,group_48908,group_48909,group_48910,group_48912,group_48928,group_48970,group_49,group_4900,group_49042,group_49043,group_49045,group_4905,group_49051,group_49056,group_4906,group_49073,group_49074,group_4909,group_49100,group_49119,group_49120,group_49121,group_49129,group_4913,group_4914,group_49181,group_4920,group_4921,group_49216,group_4922,group_4924,group_4925,group_4926,group_4927,group_49295,group_49296,group_49297,group_49298,group_4930,group_4931,group_4934,group_49343,group_49347,group_49348,group_4946,group_4951,group_4952,group_4955,group_4957,group_4958,group_4962,group_4968,group_4969,group_4971,group_4972,group_4978,group_4979,group_4984,group_4986,group_4999,group_5,group_50,group_5000,group_5003,group_5004,group_5005,group_5006,group_5007,group_5008,group_5009,group_5010,group_5011,group_5012,group_5013,group_5014,group_5017,group_5022,group_5026,group_5029,group_503,group_5030,group_5032,group_5034,group_504,group_5053,group_5055,group_5056,group_5061,group_5065,group_5069,group_5071,group_5072,group_5079,group_5080,group_5084,group_5085,group_5086,group_5087,group_5088,group_5092,group_5093,group_50930,group_5097,group_5098,group_51,group_5104,group_5109,group_511,group_5147,group_5148,group_5149,group_5156,group_516,group_5161,group_5164,group_5165,group_5166,group_5167,group_5168,group_5169,group_517,group_5170,group_5171,group_5173,group_5175,group_5176,group_5177,group_5178,group_5184,group_5185,group_5190,group_5191,group_5193,group_5195,group_5196,group_5199,group_5201,group_5203,group_5210,group_5221,group_5222,group_5224,group_5228,group_5232,group_5233,group_5239,group_5242,group_5244,group_5245,group_5247,group_525,group_5250,group_5251,group_5254,group_5257,group_5264,group_5272,group_5276,group_5281,group_5282,group_5286,group_5287,group_5288,group_529,group_5290,group_5291,group_5301,group_5302,group_5303,group_5306,group_5308,group_5309,group_5310,group_5312,group_5313,group_5314,group_5315,group_5317,group_5319,group_532,group_5320,group_5328,group_5329,group_5334,group_5336,group_5363,group_5367,group_5370,group_5375,group_5378,group_5384,group_5387,group_5391,group_5392,group_5393,group_5402,group_5414,group_5415,group_5416,group_5420,group_5421,group_5422,group_5423,group_5424,group_5426,group_5427,group_5428,group_5430,group_5432,group_5434,group_5435,group_5437,group_5445,group_5446,group_5451,group_5467,group_5480,group_5487,group_5488,group_5491,group_5499,group_5508,group_5525,group_5535,group_5538,group_5545,group_5553,group_5554,group_5556,group_5565,group_5567,group_5574,group_5577,group_5580,group_5581,group_5582,group_5583,group_559,group_5591,group_5592,group_5594,group_560,group_5611,group_5619,group_5620,group_5621,group_5624,group_5625,group_5627,group_563,group_5630,group_5633,group_5640,group_5642,group_5650,group_5651,group_5652,group_5653,group_5657,group_5661,group_5662,group_5664,group_5668,group_5669,group_567,group_5674,group_5675,group_5677,group_5678,group_5681,group_5695,group_5699,group_5707,group_5709,group_5712,group_5714,group_5716,group_5720,group_5727,group_5730,group_5732,group_5733,group_5737,group_5740,group_5744,group_5747,group_5776,group_5779,group_5780,group_5785,group_5795,group_5797,group_5798,group_5800,group_5817,group_5818,group_5825,group_5826,group_5828,group_5830,group_5831,group_584,group_5840,group_5841,group_5843,group_5847,group_5850,group_5852,group_5855,group_5856,group_5857,group_5859,group_586,group_5863,group_5867,group_5868,group_5869,group_5870,group_5871,group_5872,group_5873,group_5876,group_5878,group_5879,group_5880,group_5881,group_5882,group_5883,group_5884,group_5891,group_5893,group_5907,group_5909,group_5910,group_5917,group_5918,group_5920,group_5923,group_5927,group_5931,group_5936,group_5943,group_597,group_5977,group_5981,group_5985,group_5986,group_5987,group_5989,group_5992,group_5993,group_5998,group_60,group_6001,group_6002,group_6004,group_6005,group_6006,group_6007,group_6008,group_6009,group_6011,group_6014,group_6015,group_6019,group_6028,group_6033,group_6046,group_6047,group_6048,group_6051,group_6052,group_6057,group_6077,group_6078,group_6080,group_6083,group_6084,group_6089,group_609,group_6093,group_6094,group_6095,group_610,group_6100,group_6101,group_6103,group_6105,group_6113,group_6117,group_6120,group_6121,group_6122,group_6129,group_6130,group_6131,group_6132,group_6135,group_6137,group_6142,group_6143,group_6146,group_6147,group_6150,group_6151,group_6152,group_6154,group_6157,group_6158,group_6164,group_6175,group_6178,group_62,group_6201,group_6203,group_6204,group_6209,group_6214,group_6217,group_6218,group_622,group_6236,group_6247,group_6249,group_6250,group_6252,group_6253,group_6256,group_6260,group_6262,group_6263,group_6266,group_6267,group_6268,group_6272,group_6274,group_6289,group_6320,group_6324,group_6325,group_6327,group_6328,group_6332,group_6334,group_6341,group_6343,group_6344,group_6346,group_6347,group_6348,group_6349,group_6351,group_6352,group_6358,group_6365,group_6367,group_6369,group_6370,group_6373,group_6374,group_6375,group_6376,group_6378,group_6379,group_6381,group_6383,group_6384,group_6385,group_6391,group_6396,group_6398,group_6404,group_641,group_6413,group_6437,group_6445,group_6448,group_6450,group_6453,group_6455,group_6465,group_6466,group_6467,group_6468,group_6469,group_6471,group_6472,group_6473,group_6476,group_6485,group_6490,group_6496,group_6497,group_651,group_6511,group_6514,group_6531,group_6537,group_6539,group_6541,group_6547,group_6550,group_6555,group_6558,group_6561,group_6562,group_6567,group_6575,group_6578,group_6581,group_6610,group_6611,group_6630,group_6631,group_6645,group_6646,group_6648,group_6651,group_6652,group_6653,group_6654,group_6656,group_6658,group_6663,group_6666,group_6668,group_6669,group_6672,group_6673,group_6689,group_6694,group_6695,group_6697,group_6706,group_6707,group_6748,group_6755,group_6756,group_6757,group_6759,group_6761,group_6762,group_6771,group_6781,group_6787,group_6798,group_6799,group_6801,group_6805,group_6807,group_6808,group_6809,group_6815,group_6816,group_6819,group_682,group_6821,group_6823,group_6824,group_6825,group_683,group_6831,group_6833,group_6834,group_6835,group_6836,group_6838,group_6839,group_684,group_6845,group_6849,group_6850,group_686,group_6861,group_6880,group_6884,group_6885,group_6890,group_6891,group_6893,group_6897,group_6900,group_6904,group_6906,group_6907,group_6917,group_6919,group_6922,group_6924,group_6926,group_6927,group_6928,group_6931,group_6970,group_6974,group_6975,group_6976,group_6977,group_6978,group_6979,group_6980,group_6984,group_6987,group_6989,group_6997,group_70,group_7001,group_7002,group_7003,group_7005,group_701,group_7018,group_7031,group_7032,group_7033,group_7034,group_7036,group_7040,group_7041,group_7042,group_7043,group_7044,group_7045,group_7046,group_7047,group_7050,group_7051,group_7053,group_7061,group_7080,group_7083,group_7084,group_7090,group_7094,group_7096,group_7102,group_711,group_7114,group_7118,group_7120,group_7121,group_7123,group_7124,group_7125,group_7128,group_7132,group_7136,group_7137,group_7139,group_7140,group_7152,group_7153,group_7154,group_7155,group_7156,group_7189,group_7190,group_7191,group_7193,group_7194,group_7195,group_7196,group_7197,group_7198,group_7200,group_7201,group_7203,group_7204,group_7205,group_7207,group_7211,group_7214,group_7217,group_7219,group_7221,group_7226,group_7228,group_7229,group_7231,group_7232,group_7241,group_7245,group_7257,group_7267,group_7268,group_7272,group_7276,group_7277,group_7280,group_7288,group_7294,group_7295,group_7297,group_7298,group_7302,group_7309,group_733,group_7363,group_7371,group_7377,group_7378,group_7383,group_7384,group_7385,group_7387,group_7388,group_7395,group_7396,group_7397,group_7399,group_7400,group_7402,group_7403,group_7406,group_7410,group_7428,group_7429,group_7430,group_7431,group_7432,group_7434,group_7435,group_7436,group_7437,group_7438,group_7446,group_7451,group_7496,group_7501,group_7517,group_7521,group_7523,group_7524,group_7527,group_7528,group_7529,group_7531,group_7532,group_7534,group_7535,group_7541,group_7546,group_7547,group_7549,group_7551,group_7552,group_7553,group_7559,group_7569,group_7570,group_7571,group_7573,group_7587,group_7588,group_7599,group_76,group_7603,group_7604,group_7606,group_7607,group_7608,group_7614,group_7624,group_7630,group_7635,group_7643,group_7644,group_7645,group_7651,group_7653,group_7654,group_7658,group_7659,group_7660,group_7672,group_7673,group_7676,group_7677,group_7681,group_7683,group_7685,group_7687,group_7694,group_7695,group_7696,group_7697,group_7698,group_7699,group_7700,group_7701,group_7705,group_7746,group_7758,group_7761,group_7762,group_7764,group_7765,group_7766,group_7775,group_7779,group_7781,group_7782,group_779,group_7790,group_7791,group_7793,group_7795,group_7797,group_7798,group_7799,group_780,group_7807,group_7809,group_782,group_783,group_7831,group_7833,group_7836,group_7838,group_7840,group_7841,group_7842,group_7843,group_7844,group_7847,group_7848,group_785,group_7850,group_7851,group_7854,group_7856,group_7857,group_7858,group_7865,group_7868,group_79,group_7915,group_7921,group_7926,group_7927,group_7934,group_7938,group_7939,group_7944,group_7945,group_7946,group_7947,group_7948,group_795,group_7950,group_7951,group_7953,group_7954,group_7962,group_7965,group_7966,group_7981,group_7999,group_8,group_8001,group_8003,group_8026,group_8027,group_8029,group_8030,group_8031,group_8033,group_8034,group_8036,group_8037,group_8038,group_8039,group_8042,group_8043,group_8044,group_8045,group_8047,group_8051,group_8052,group_8053,group_8055,group_8056,group_8057,group_8058,group_8063,group_8065,group_8066,group_8067,group_8071,group_8072,group_8073,group_8075,group_810,group_8104,group_8107,group_8110,group_8111,group_8117,group_8118,group_8120,group_8121,group_8122,group_8123,group_8128,group_8133,group_8135,group_8136,group_8139,group_8142,group_8143,group_8144,group_8145,group_8148,group_8151,group_8152,group_8154,group_8155,group_8161,group_8163,group_8166,group_8167,group_8169,group_8177,group_8182,group_8194,group_8199,group_8200,group_8202,group_8207,group_8211,group_8214,group_8221,group_8222,group_8224,group_8228,group_8232,group_8233,group_8234,group_8235,group_8236,group_8239,group_8240,group_8242,group_8243,group_8244,group_8245,group_8249,group_8250,group_8252,group_8272,group_8274,group_8275,group_8276,group_8280,group_8281,group_8284,group_8287,group_8290,group_8295,group_8297,group_8298,group_8303,group_8304,group_8309,group_8314,group_8323,group_8333,group_8335,group_8336,group_8344,group_8345,group_835,group_8350,group_8352,group_8397,group_8404,group_8407,group_8409,group_8410,group_8413,group_8414,group_8418,group_8421,group_8429,group_8432,group_8433,group_8434,group_8443,group_8446,group_8447,group_8448,group_8449,group_8453,group_8454,group_8459,group_8493,group_8509,group_8510,group_8514,group_8515,group_8516,group_8520,group_8521,group_8523,group_8525,group_8533,group_8553,group_8554,group_8555,group_8560,group_8561,group_8562,group_8566,group_8574,group_8578,group_8583,group_8584,group_8598,group_8599,group_8600,group_8601,group_8602,group_8616,group_8619,group_8620,group_8621,group_8622,group_8623,group_8625,group_8632,group_8635,group_8636,group_8638,group_8642,group_8644,group_8646,group_8648,group_8657,group_8658,group_8659,group_8660,group_8661,group_8664,group_8666,group_870,group_871,group_8730,group_8750,group_8752,group_8753,group_8754,group_8759,group_8760,group_8763,group_8765,group_8778,group_8783,group_8784,group_8786,group_8787,group_8788,group_8794,group_8798,group_8810,group_8814,group_8816,group_8822,group_8840,group_8842,group_8845,group_8850,group_8852,group_8858,group_8862,group_8864,group_8865,group_8866,group_8867,group_8868,group_8869,group_8872,group_8873,group_8876,group_8877,group_8879,group_8882,group_8883,group_8899,group_8902,group_8903,group_8906,group_8912,group_8915,group_8917,group_8918,group_8919,group_8922,group_8923,group_8927,group_8967,group_8969,group_8970,group_898,group_8980,group_8984,group_8988,group_8995,group_8996,group_900,group_9008,group_9018,group_9025,group_9030,group_9033,group_9034,group_9037,group_9052,group_9055,group_9060,group_9062,group_907,group_9074,group_9076,group_908,group_909,group_910,group_9110,group_9146,group_9149,group_9150,group_9155,group_9157,group_9158,group_916,group_9161,group_9163,group_9179,group_9180,group_9181,group_9183,group_9184,group_9185,group_9190,group_9192,group_9195,group_9196,group_9198,group_9203,group_9206,group_9207,group_9208,group_9209,group_9211,group_928,group_9306,group_9307,group_931,group_9313,group_9323,group_933,group_9337,group_9344,group_9349,group_9360,group_9364,group_9365,group_9368,group_9370,group_9383,group_9394,group_9404,group_9405,group_9457,group_9485,group_9486,group_9498,group_9499,group_9501,group_9502,group_9503,group_9506,group_9511,group_9512,group_9513,group_9516,group_9518,group_952,group_9520,group_9521,group_9523,group_9525,group_9526,group_9527,group_9529,group_953,group_9531,group_9533,group_9534,group_9535,group_9536,group_9538,group_9540,group_9541,group_9542,group_9544,group_955,group_9590,group_9601,group_961,group_96310,group_96323,group_96329,group_96330,group_96331,group_96454,group_96456,group_96474,group_96477,group_96495,group_96518,group_96565,group_96570,group_96572,group_96576,group_9665,group_9689,group_9692,group_9693,group_9843,group_9845,group_9852,group_9853,group_9854,group_9856,group_9857,group_9858,group_9862,group_9867,group_9870,group_9874,group_9876,group_9877,group_9878,group_9881,group_9884,group_9887,group_9893,group_9903,group_9966,group_9847,group_9849,group_9846,group_9844,group_96513,group_9598,group_999,group_9889,group_96587,group_96508,group_96589,group_96466,group_96505,group_96510,group_96461,group_96468,group_96464,group_96332,group_9718,group_8277,group_9963,group_9698,group_7450,group_9043,group_8857,group_9735,group_8028,group_8198,group_8633,group_8985,group_9672,group_8979,group_9633,group_9402,group_8569,group_9599,group_9671,group_6050,group_667,group_6041,group_9860,group_9896,group_9888,group_7925,group_8279,group_8251,group_8775,group_14965,group_5743,group_37238,group_7993,group_8772,group_9657,group_8597,group_2501,group_2206,group_9378,group_8557,group_8981,group_9051,group_3051,group_9699,group_9700,group_9032,group_9685,group_9369,group_8791,group_8129,group_9351,group_9658,group_9659,group_9009,group_9350,group_9010,group_9341,group_9993,group_96319,group_5705,group_6133,group_8355,group_9591,group_96568,group_8631,group_8710,group_8973,group_9648,group_9994,group_9322,group_9932,group_9930,group_7745,group_7308,group_8779,group_9174,group_9794,group_18447,group_2512,group_8628,group_8817,group_9135,group_18468,group_20625,group_3919,group_17077,group_35266,group_8711,group_9036,group_9697,group_149,group_82,group_5216,group_5062,group_5489,group_1665,group_8317,group_9054,group_49103,group_49128,group_8668,group_9205,group_6916,group_7747,group_9643,group_9362,group_9773,group_7806,group_8005,group_7457,group_7642,group_7805,group_8179,group_8174,group_9733,group_7636,group_7936,group_8181,group_8322,group_9731,group_8334,group_9730,group_6024,group_7100,group_8178,group_8591,group_8994,group_9083,group_9739,group_8581,group_9086,group_8119,group_8180,group_8316,group_8585,group_8799,group_8806,group_9660,group_7976,group_7977,group_8823,group_8802,group_8812,group_9078,group_9336,group_9406,group_9418,group_9712,group_9728,group_8792,group_9041,group_378,group_96567,group_8700,group_9343,group_9494,group_9284,group_8452,group_37196,group_27845,group_37433,group_4036,group_9021,group_8549,group_2676,group_9355,group_9686,group_9059,group_9359,group_9684,group_917,group_3289,group_4845,group_2809,group_7796,group_7862,group_7800,group_8522,group_8563,group_8809,group_8294,group_8815,group_9709,group_9063,group_9064,group_9397,group_9419,group_9707,group_9708,group_9065,group_9705,group_8997,group_9396,group_9713,group_9714,group_5781,group_8282,group_8796,group_3711,group_8289,group_8539,group_9444,group_6971,group_9972,group_9706,group_8982,group_7952,group_9974,group_8773,group_9058,group_4936,group_3768,group_4539,group_5588,group_9356,group_712,group_9880,group_6921,group_9732,group_9696,group_96528,group_6671,group_8513,group_6167,group_8332,group_7932,group_5703,group_5663,group_8507,group_9701,group_8843,group_7706,group_96455,group_9292,group_9293,group_9716,group_8301,group_7648,group_642,group_9407,group_9348,group_9039,group_7931,group_8767,group_9340,group_9694,group_8141,group_9014
2	group_1104,group_1105
3	group_1267,group_3147,group_3148
4	group_12723,group_14414,group_15242,group_17057,group_17123,group_18449,group_4248,group_3917
5	group_1759,group_1767
6	group_2150,group_2151
7	group_223,group_3278
8	group_3325,group_941,group_942
9	group_4077,group_4078
10	group_6317,group_6318
11	group_639,group_640
12	group_6542,group_6543
13	group_7091,group_8168
